{"cameraMode":{"drawMode":0,"name":"Shaded","section":"Shading Mode"},"sceneLighting":true,"audioPlay":false,"sceneViewState":{"showFog":false,"showMaterialUpdate":false,"showSkybox":false,"showFlares":false,"showImageEffects":false,"showParticleSystems":false},"in2DMode":false,"pivot":{"x":6.227438449859619,"y":0.4981813430786133,"z":-0.2704412341117859},"rotation":{"x":0.5669901967048645,"y":-0.40803465247154238,"z":0.38273876905441286,"w":0.6046611666679382},"size":3.3325679302215578,"orthographic":false}