{"cameraMode":{"drawMode":0,"name":"Shaded","section":"Shading Mode"},"sceneLighting":false,"audioPlay":false,"sceneViewState":{"showFog":true,"showMaterialUpdate":false,"showSkybox":false,"showFlares":true,"showImageEffects":true,"showParticleSystems":true},"in2DMode":false,"pivot":{"x":0.19344855844974519,"y":0.5,"z":1.8381125926971436},"rotation":{"x":0.49760517477989199,"y":-0.3523118793964386,"z":0.23123890161514283,"w":0.758172333240509},"size":0.8660253882408142,"orthographic":false}